A, 52.30%
A, 52.51%
A, 63.13%
A, 62.73%
AAL, 57.52%
AAL, 49.30%
AAL, 72.55%
AAL, 69.54%
AAP, 53.11%
AAP, 51.30%
AAP, 66.33%
AAP, 69.94%
AAPL, 53.11%
AAPL, 52.10%
AAPL, 58.32%
AAPL, 57.72%
ABBV, 57.92%
ABBV, 55.71%
ABBV, 63.73%
ABBV, 67.74%
ABC, 58.72%
ABC, 53.91%
ABC, 66.13%
ABC, 63.13%
ABT, 56.91%
ABT, 55.51%
ABT, 55.11%
ABT, 63.33%
ACN, 49.10%
ACN, 52.10%
ACN, 59.72%
ACN, 65.73%
ADBE, 47.70%
ADBE, 55.51%
ADBE, 54.51%
ADBE, 52.91%
ADI, 50.50%
ADI, 56.51%
ADI, 57.11%
ADI, 63.13%
ADM, 52.91%
ADM, 57.92%
ADM, 67.94%
ADM, 66.53%
ADP, 54.71%
ADP, 52.51%
ADP, 62.73%
ADP, 64.93%
ADS, 57.72%
ADS, 56.31%
ADS, 69.14%
ADS, 66.73%
ADSK, 53.51%
ADSK, 58.92%
ADSK, 57.72%
ADSK, 57.31%
AEE, 56.11%
AEE, 59.72%
AEE, 66.93%
AEE, 61.72%
AEP, 57.52%
AEP, 52.30%
AEP, 68.54%
AEP, 68.54%
AES, 56.11%
AES, 59.92%
AES, 72.14%
AES, 65.53%
AET, 57.52%
AET, 52.51%
AET, 61.32%
AET, 65.33%
AFL, 53.71%
AFL, 49.50%
AFL, 58.52%
AFL, 61.72%
AGN, 52.51%
AGN, 53.51%
AGN, 62.73%
AGN, 69.14%
AIG, 57.52%
AIG, 54.31%
AIG, 56.51%
AIG, 65.53%
AIV, 53.11%
AIV, 56.31%
AIV, 70.74%
AIV, 75.35%
AIZ, 54.31%
AIZ, 55.11%
AIZ, 68.74%
AIZ, 69.54%
AJG, 54.31%
AJG, 50.30%
AJG, 62.73%
AJG, 59.72%
AKAM, 54.31%
AKAM, 53.11%
AKAM, 67.94%
AKAM, 63.93%
ALB, 52.10%
ALB, 56.91%
ALB, 60.12%
ALB, 65.73%
ALGN, 52.30%
ALGN, 51.90%
ALGN, 59.72%
ALGN, 58.72%
ALK, 48.30%
ALK, 53.31%
ALK, 72.55%
ALK, 63.93%
ALL, 58.32%
ALL, 53.31%
ALL, 64.13%
ALL, 64.13%
ALLE, 49.10%
ALLE, 54.11%
ALLE, 69.14%
ALLE, 68.14%
ALXN, 61.52%
ALXN, 60.92%
ALXN, 71.54%
ALXN, 74.55%
AMAT, 53.91%
AMAT, 53.51%
AMAT, 62.53%
AMAT, 61.32%
AMD, 57.72%
AMD, 54.91%
AMD, 59.92%
AMD, 65.13%
AME, 55.11%
AME, 53.91%
AME, 59.52%
AME, 63.33%
AMG, 56.71%
AMG, 58.12%
AMG, 60.12%
AMG, 67.33%
AMGN, 49.90%
AMGN, 48.50%
AMGN, 71.94%
AMGN, 67.54%
AMP, 48.30%
AMP, 53.51%
AMP, 62.73%
AMP, 59.92%
AMT, 54.71%
AMT, 54.71%
AMT, 68.34%
AMT, 67.94%
AMZN, 54.91%
AMZN, 46.09%
AMZN, 59.92%
AMZN, 60.72%
ANDV, 54.31%
ANDV, 54.91%
ANDV, 62.12%
ANDV, 68.54%
ANSS, 54.51%
ANSS, 55.51%
ANSS, 67.74%
ANSS, 64.93%
ANTM, 57.11%
ANTM, 52.30%
ANTM, 66.73%
ANTM, 65.93%
AON, 53.31%
AON, 55.11%
AON, 63.93%
AON, 60.72%
AOS, 52.71%
AOS, 53.11%
AOS, 56.51%
AOS, 59.32%
APA, 53.71%
APA, 54.51%
APA, 68.74%
APA, 64.13%
APC, 52.91%
APC, 55.91%
APC, 61.32%
APC, 65.13%
APD, 54.11%
APD, 55.31%
APD, 57.31%
APD, 61.52%
APH, 53.31%
APH, 54.11%
APH, 64.73%
APH, 67.13%
APTV, 54.71%
APTV, 54.31%
APTV, 60.52%
APTV, 68.14%
ARE, 56.51%
ARE, 57.92%
ARE, 69.14%
ARE, 63.33%
ARNC, 56.11%
ARNC, 55.11%
ARNC, 67.33%
ARNC, 60.92%
ATVI, 50.90%
ATVI, 55.91%
ATVI, 60.12%
ATVI, 60.72%
AVB, 55.51%
AVB, 50.90%
AVB, 70.94%
AVB, 72.14%
AVGO, 54.91%
AVGO, 55.11%
AVGO, 64.33%
AVGO, 62.12%
AVY, 52.71%
AVY, 53.51%
AVY, 61.72%
AVY, 59.92%
AWK, 52.51%
AWK, 53.91%
AWK, 67.54%
AWK, 66.73%
AXP, 55.11%
AXP, 55.91%
AXP, 62.32%
AXP, 61.52%
AYI, 51.30%
AYI, 54.11%
AYI, 67.13%
AYI, 68.14%
AZO, 54.31%
AZO, 56.91%
AZO, 66.53%
AZO, 69.94%
BA, 52.51%
BA, 51.30%
BA, 62.73%
BA, 61.72%
BAC, 51.90%
BAC, 52.10%
BAC, 60.12%
BAC, 60.32%
BAX, 54.51%
BAX, 54.31%
BAX, 67.54%
BAX, 58.12%
BBT, 58.32%
BBT, 52.71%
BBT, 63.33%
BBT, 58.92%
BBY, 53.71%
BBY, 55.71%
BBY, 67.94%
BBY, 63.73%
BDX, 53.51%
BDX, 56.11%
BDX, 63.13%
BDX, 60.52%
BEN, 56.31%
BEN, 52.91%
BEN, 61.92%
BEN, 64.93%
BHGE, 53.11%
BHGE, 56.31%
BHGE, 58.92%
BHGE, 67.54%
BIIB, 51.50%
BIIB, 58.52%
BIIB, 72.55%
BIIB, 72.95%
BK, 51.10%
BK, 54.71%
BK, 58.12%
BK, 62.53%
BLK, 54.51%
BLK, 58.52%
BLK, 64.93%
BLK, 65.33%
BLL, 50.70%
BLL, 56.51%
BLL, 61.92%
BLL, 68.54%
BMY, 52.30%
BMY, 54.71%
BMY, 72.14%
BMY, 60.12%
BSX, 46.89%
BSX, 51.70%
BSX, 67.33%
BSX, 59.92%
BWA, 56.11%
BWA, 61.32%
BWA, 61.32%
BWA, 69.54%
BXP, 53.11%
BXP, 55.51%
BXP, 70.54%
BXP, 75.35%
C, 53.31%
C, 57.11%
C, 57.72%
C, 60.72%
CA, 51.90%
CA, 50.90%
CA, 67.33%
CA, 66.73%
CAG, 53.91%
CAG, 53.91%
CAG, 67.13%
CAG, 62.73%
CAH, 52.51%
CAH, 60.52%
CAH, 66.33%
CAH, 62.12%
CAT, 53.71%
CAT, 58.32%
CAT, 62.73%
CAT, 56.91%
CB, 51.90%
CB, 52.10%
CB, 66.13%
CB, 63.33%
CBOE, 55.51%
CBOE, 49.90%
CBOE, 56.11%
CBOE, 65.13%
CBS, 56.91%
CBS, 59.12%
CBS, 69.34%
CBS, 68.14%
CCI, 52.51%
CCI, 56.11%
CCI, 66.13%
CCI, 65.33%
CCL, 54.91%
CCL, 54.71%
CCL, 58.12%
CCL, 63.73%
CDNS, 53.51%
CDNS, 51.30%
CDNS, 63.93%
CDNS, 61.72%
CELG, 52.30%
CELG, 60.12%
CELG, 64.13%
CELG, 68.74%
CERN, 54.11%
CERN, 59.72%
CERN, 73.15%
CERN, 68.94%
CF, 54.31%
CF, 52.30%
CF, 67.74%
CF, 67.94%
CHD, 54.71%
CHD, 55.71%
CHD, 66.13%
CHD, 61.12%
CHK, 50.70%
CHK, 55.11%
CHK, 65.33%
CHK, 62.93%
CHRW, 56.31%
CHRW, 55.51%
CHRW, 67.13%
CHRW, 67.54%
CHTR, 56.71%
CHTR, 54.51%
CHTR, 65.33%
CHTR, 60.32%
CI, 53.31%
CI, 56.31%
CI, 62.73%
CI, 65.33%
CINF, 54.31%
CINF, 53.31%
CINF, 66.13%
CINF, 66.73%
CL, 57.11%
CL, 54.71%
CL, 64.33%
CL, 67.13%
CLX, 56.71%
CLX, 54.71%
CLX, 65.93%
CLX, 65.53%
CMA, 55.31%
CMA, 51.50%
CMA, 70.34%
CMA, 61.32%
CMCSA, 55.11%
CMCSA, 51.70%
CMCSA, 58.32%
CMCSA, 69.74%
CME, 52.91%
CME, 55.51%
CME, 60.12%
CME, 60.32%
CMG, 50.10%
CMG, 56.51%
CMG, 66.33%
CMG, 68.94%
CMI, 46.49%
CMI, 57.52%
CMI, 60.12%
CMI, 69.14%
CMS, 54.51%
CMS, 54.11%
CMS, 60.52%
CMS, 68.14%
CNC, 50.30%
CNC, 56.31%
CNC, 69.74%
CNC, 64.53%
CNP, 58.12%
CNP, 53.11%
CNP, 65.93%
CNP, 68.34%
COF, 55.91%
COF, 55.51%
COF, 65.73%
COF, 57.11%
COG, 50.10%
COG, 53.11%
COG, 71.94%
COG, 71.34%
COL, 56.51%
COL, 54.91%
COL, 64.53%
COL, 56.91%
COO, 53.51%
COO, 59.92%
COO, 68.34%
COO, 69.54%
COP, 50.90%
COP, 55.31%
COP, 63.93%
COP, 66.33%
COST, 52.71%
COST, 52.91%
COST, 62.32%
COST, 65.73%
COTY, 54.71%
COTY, 55.51%
COTY, 68.14%
COTY, 71.34%
CPB, 53.91%
CPB, 52.71%
CPB, 61.12%
CPB, 52.51%
CRM, 55.11%
CRM, 54.51%
CRM, 61.72%
CRM, 54.31%
CSCO, 53.31%
CSCO, 53.31%
CSCO, 65.33%
CSCO, 58.72%
CSX, 54.31%
CSX, 51.70%
CSX, 61.32%
CSX, 68.34%
CTAS, 55.11%
CTAS, 52.10%
CTAS, 63.13%
CTAS, 56.51%
CTL, 54.11%
CTL, 56.11%
CTL, 59.52%
CTL, 64.93%
CTSH, 57.52%
CTSH, 49.70%
CTSH, 59.92%
CTSH, 66.53%
CTXS, 52.10%
CTXS, 52.51%
CTXS, 65.53%
CTXS, 63.73%
CVS, 52.91%
CVS, 55.51%
CVS, 63.13%
CVS, 62.73%
CVX, 52.91%
CVX, 50.30%
CVX, 60.92%
CVX, 52.10%
CXO, 52.71%
CXO, 55.91%
CXO, 67.74%
CXO, 72.34%
D, 52.30%
D, 51.70%
D, 65.33%
D, 72.55%
DAL, 53.71%
DAL, 59.72%
DAL, 70.54%
DAL, 69.74%
DE, 50.30%
DE, 51.90%
DE, 64.73%
DE, 59.92%
DFS, 49.30%
DFS, 56.71%
DFS, 65.33%
DFS, 67.94%
DG, 51.30%
DG, 55.31%
DG, 65.93%
DG, 57.72%
DGX, 54.71%
DGX, 52.30%
DGX, 69.74%
DGX, 65.53%
DHI, 53.51%
DHI, 52.10%
DHI, 56.91%
DHI, 60.72%
DHR, 55.71%
DHR, 49.90%
DHR, 56.71%
DHR, 64.93%
DIS, 48.50%
DIS, 54.31%
DIS, 66.33%
DIS, 66.73%
DISCA, 56.31%
DISCA, 52.51%
DISCA, 70.34%
DISCA, 69.54%
DISCK, 59.12%
DISCK, 56.91%
DISCK, 66.33%
DISCK, 70.54%
DISH, 51.30%
DISH, 52.91%
DISH, 65.53%
DISH, 61.32%
DLR, 56.51%
DLR, 60.92%
DLR, 62.93%
DLR, 70.54%
DLTR, 53.71%
DLTR, 55.51%
DLTR, 70.54%
DLTR, 68.34%
DOV, 53.91%
DOV, 49.10%
DOV, 63.53%
DOV, 59.92%
DPS, 51.10%
DPS, 54.11%
DPS, 58.72%
DPS, 64.73%
DRE, 56.51%
DRE, 55.11%
DRE, 69.94%
DRE, 67.33%
DRI, 58.12%
DRI, 50.10%
DRI, 55.91%
DRI, 61.92%
DTE, 55.51%
DTE, 61.12%
DTE, 54.51%
DTE, 67.54%
DUK, 55.91%
DUK, 59.72%
DUK, 58.12%
DUK, 71.94%
DVA, 54.11%
DVA, 59.12%
DVA, 60.72%
DVA, 69.34%
DVN, 54.31%
DVN, 55.11%
DVN, 62.12%
DVN, 53.31%
DWDP, 48.30%
DWDP, 51.30%
DWDP, 68.34%
DWDP, 66.33%
DXC, 54.71%
DXC, 52.30%
DXC, 55.51%
DXC, 57.11%
EA, 53.51%
EA, 56.71%
EA, 64.93%
EA, 59.32%
EBAY, 53.11%
EBAY, 54.31%
EBAY, 57.72%
EBAY, 62.53%
ECL, 56.11%
ECL, 53.51%
ECL, 67.33%
ECL, 70.14%
ED, 50.70%
ED, 56.91%
ED, 70.34%
ED, 60.72%
EFX, 52.91%
EFX, 48.30%
EFX, 59.52%
EFX, 52.10%
EIX, 54.51%
EIX, 57.11%
EIX, 70.94%
EIX, 69.34%
EL, 53.91%
EL, 53.31%
EL, 57.31%
EL, 58.92%
EMN, 54.31%
EMN, 53.91%
EMN, 64.73%
EMN, 66.13%
EMR, 53.51%
EMR, 57.11%
EMR, 66.73%
EMR, 60.52%
EOG, 56.91%
EOG, 56.51%
EOG, 61.92%
EOG, 62.53%
EQIX, 54.31%
EQIX, 51.10%
EQIX, 65.13%
EQIX, 61.92%
EQR, 52.71%
EQR, 57.72%
EQR, 60.52%
EQR, 63.53%
EQT, 58.12%
EQT, 56.91%
EQT, 68.14%
EQT, 68.54%
ES, 57.11%
ES, 58.72%
ES, 67.13%
ES, 69.74%
ESRX, 58.32%
ESRX, 59.12%
ESRX, 70.94%
ESRX, 61.12%
ESS, 54.31%
ESS, 58.92%
ESS, 74.75%
ESS, 72.95%
ETFC, 53.71%
ETFC, 55.51%
ETFC, 55.71%
ETFC, 55.51%
ETN, 53.91%
ETN, 53.11%
ETN, 60.52%
ETN, 68.14%
ETR, 54.31%
ETR, 50.70%
ETR, 74.35%
ETR, 73.95%
EVHC, 50.70%
EVHC, 53.51%
EVHC, 66.93%
EVHC, 62.53%
EW, 52.91%
EW, 53.51%
EW, 59.72%
EW, 61.52%
EXC, 53.91%
EXC, 55.31%
EXC, 74.35%
EXC, 72.34%
EXPD, 47.90%
EXPD, 51.30%
EXPD, 60.12%
EXPD, 63.13%
EXPE, 58.12%
EXPE, 56.71%
EXPE, 67.33%
EXPE, 66.73%
EXR, 52.91%
EXR, 60.52%
EXR, 68.34%
EXR, 71.54%
F, 54.11%
F, 54.71%
F, 64.13%
F, 62.93%
FAST, 52.71%
FAST, 56.11%
FAST, 68.94%
FAST, 65.13%
FB, 53.51%
FB, 54.51%
FB, 56.71%
FB, 66.33%
FBHS, 55.31%
FBHS, 56.11%
FBHS, 67.33%
FBHS, 72.14%
FCX, 56.51%
FCX, 54.51%
FCX, 61.72%
FCX, 66.73%
FDX, 55.51%
FDX, 55.71%
FDX, 56.51%
FDX, 62.12%
FE, 56.91%
FE, 58.32%
FE, 71.14%
FE, 74.95%
FFIV, 49.30%
FFIV, 57.11%
FFIV, 68.94%
FFIV, 65.33%
FIS, 53.91%
FIS, 48.90%
FIS, 61.92%
FIS, 55.51%
FISV, 52.71%
FISV, 48.70%
FISV, 55.51%
FISV, 55.71%
FITB, 52.51%
FITB, 52.10%
FITB, 61.32%
FITB, 66.73%
FL, 55.11%
FL, 54.11%
FL, 65.73%
FL, 62.32%
FLIR, 54.71%
FLIR, 55.11%
FLIR, 66.33%
FLIR, 61.32%
FLR, 52.30%
FLR, 60.92%
FLR, 67.94%
FLR, 62.73%
FLS, 53.71%
FLS, 52.91%
FLS, 71.74%
FLS, 64.33%
FMC, 53.51%
FMC, 54.31%
FMC, 66.53%
FMC, 57.11%
FOX, 56.91%
FOX, 57.31%
FOX, 67.54%
FOX, 70.74%
FOXA, 52.71%
FOXA, 52.10%
FOXA, 67.13%
FOXA, 69.94%
FRT, 54.91%
FRT, 56.91%
FRT, 64.13%
FRT, 59.52%
FTI, 52.91%
FTI, 53.11%
FTI, 62.12%
FTI, 59.72%
GD, 54.11%
GD, 54.71%
GD, 68.34%
GD, 67.33%
GE, 56.71%
GE, 52.10%
GE, 62.93%
GE, 62.93%
GGP, 53.11%
GGP, 58.92%
GGP, 66.13%
GGP, 68.74%
GILD, 53.31%
GILD, 53.31%
GILD, 69.14%
GILD, 66.93%
GIS, 55.31%
GIS, 57.11%
GIS, 62.93%
GIS, 63.93%
GLW, 55.91%
GLW, 53.51%
GLW, 56.71%
GLW, 62.53%
GM, 55.51%
GM, 58.32%
GM, 74.15%
GM, 67.74%
GOOG, 52.91%
GOOG, 53.11%
GOOG, 59.52%
GOOG, 62.53%
GOOGL, 48.30%
GOOGL, 53.11%
GOOGL, 60.32%
GOOGL, 56.71%
GPC, 51.10%
GPC, 54.31%
GPC, 65.73%
GPC, 66.33%
GPN, 52.71%
GPN, 52.30%
GPN, 66.33%
GPN, 59.72%
GPS, 54.31%
GPS, 49.90%
GPS, 67.54%
GPS, 65.33%
GRMN, 54.11%
GRMN, 53.11%
GRMN, 65.13%
GRMN, 63.73%
GS, 54.91%
GS, 52.30%
GS, 64.93%
GS, 65.53%
GT, 57.31%
GT, 51.50%
GT, 64.53%
GT, 69.14%
GWW, 56.11%
GWW, 52.10%
GWW, 58.72%
GWW, 61.72%
HAL, 53.31%
HAL, 59.32%
HAL, 66.53%
HAL, 63.53%
HAS, 52.10%
HAS, 51.50%
HAS, 57.92%
HAS, 61.92%
HBAN, 48.50%
HBAN, 58.32%
HBAN, 65.73%
HBAN, 61.12%
HBI, 50.90%
HBI, 50.10%
HBI, 67.13%
HBI, 68.14%
HCA, 53.91%
HCA, 60.72%
HCA, 66.93%
HCA, 69.94%
HCP, 56.31%
HCP, 57.11%
HCP, 63.13%
HCP, 67.33%
HD, 51.70%
HD, 50.30%
HD, 59.12%
HD, 59.12%
HES, 52.10%
HES, 56.51%
HES, 64.13%
HES, 62.73%
HIG, 53.91%
HIG, 56.31%
HIG, 64.33%
HIG, 64.33%
HII, 57.11%
HII, 54.71%
HII, 66.73%
HII, 60.72%
HLT, 56.31%
HLT, 52.71%
HLT, 65.73%
HLT, 63.53%
HOG, 56.91%
HOG, 50.30%
HOG, 67.94%
HOG, 61.12%
HOLX, 56.71%
HOLX, 55.31%
HOLX, 67.94%
HOLX, 62.93%
HON, 55.11%
HON, 52.30%
HON, 53.31%
HON, 61.92%
HP, 56.31%
HP, 51.90%
HP, 62.12%
HP, 66.93%
HPQ, 55.71%
HPQ, 56.31%
HPQ, 65.33%
HPQ, 59.72%
HRB, 55.71%
HRB, 51.30%
HRB, 65.53%
HRB, 67.54%
HRL, 52.10%
HRL, 56.51%
HRL, 62.53%
HRL, 70.54%
HRS, 52.51%
HRS, 56.11%
HRS, 59.12%
HRS, 55.71%
HSIC, 49.90%
HSIC, 52.91%
HSIC, 69.14%
HSIC, 67.33%
HST, 54.91%
HST, 62.73%
HST, 67.74%
HST, 71.54%
HSY, 54.91%
HSY, 56.31%
HSY, 69.34%
HSY, 70.94%
HUM, 50.90%
HUM, 53.51%
HUM, 56.11%
HUM, 66.33%
IBM, 55.31%
IBM, 51.30%
IBM, 62.93%
IBM, 63.13%
ICE, 52.10%
ICE, 51.70%
ICE, 68.34%
ICE, 66.73%
IDXX, 49.30%
IDXX, 49.90%
IDXX, 62.73%
IDXX, 55.31%
IFF, 52.10%
IFF, 57.11%
IFF, 61.92%
IFF, 57.31%
ILMN, 56.71%
ILMN, 56.11%
ILMN, 69.54%
ILMN, 67.54%
INCY, 52.91%
INCY, 51.70%
INCY, 72.34%
INCY, 73.75%
INTC, 54.71%
INTC, 50.10%
INTC, 64.93%
INTC, 60.32%
INTU, 53.51%
INTU, 54.51%
INTU, 56.31%
INTU, 56.91%
IP, 51.30%
IP, 54.51%
IP, 69.14%
IP, 70.94%
IPG, 53.31%
IPG, 56.71%
IPG, 70.34%
IPG, 67.54%
IQV, 54.91%
IQV, 56.91%
IQV, 64.33%
IQV, 64.13%
IR, 52.10%
IR, 55.71%
IR, 61.92%
IR, 66.53%
IRM, 60.12%
IRM, 60.12%
IRM, 66.33%
IRM, 70.14%
ISRG, 52.51%
ISRG, 54.51%
ISRG, 59.92%
ISRG, 64.73%
IT, 56.71%
IT, 55.51%
IT, 65.93%
IT, 62.93%
ITW, 54.31%
ITW, 49.90%
ITW, 59.52%
ITW, 57.72%
IVZ, 54.11%
IVZ, 56.51%
IVZ, 68.34%
IVZ, 63.13%
JBHT, 52.71%
JBHT, 55.31%
JBHT, 59.32%
JBHT, 65.13%
JCI, 55.11%
JCI, 55.51%
JCI, 68.74%
JCI, 68.94%
JEC, 53.11%
JEC, 54.31%
JEC, 57.72%
JEC, 66.13%
JNJ, 50.10%
JNJ, 56.91%
JNJ, 61.92%
JNJ, 67.94%
JNPR, 55.71%
JNPR, 54.91%
JNPR, 63.93%
JNPR, 68.34%
JPM, 53.71%
JPM, 49.90%
JPM, 59.72%
JPM, 49.30%
JWN, 59.92%
JWN, 57.11%
JWN, 65.93%
JWN, 59.92%
K, 56.31%
K, 58.52%
K, 67.54%
K, 72.95%
KEY, 51.90%
KEY, 55.91%
KEY, 67.54%
KEY, 65.33%
KIM, 56.51%
KIM, 58.12%
KIM, 65.13%
KIM, 67.74%
KLAC, 53.71%
KLAC, 54.71%
KLAC, 67.74%
KLAC, 64.33%
KMB, 54.51%
KMB, 52.30%
KMB, 70.94%
KMB, 67.33%
KMI, 55.11%
KMI, 49.30%
KMI, 63.33%
KMI, 63.93%
KMX, 54.31%
KMX, 59.72%
KMX, 70.94%
KMX, 70.14%
KO, 53.11%
KO, 55.51%
KO, 69.54%
KO, 67.13%
KORS, 52.30%
KORS, 57.11%
KORS, 63.93%
KORS, 66.93%
KR, 56.91%
KR, 56.91%
KR, 59.92%
KR, 63.13%
KSS, 58.72%
KSS, 53.71%
KSS, 66.33%
KSS, 69.54%
KSU, 54.11%
KSU, 58.92%
KSU, 70.14%
KSU, 75.15%
L, 45.29%
L, 58.12%
L, 61.72%
L, 64.53%
LB, 57.52%
LB, 54.51%
LB, 63.93%
LB, 68.14%
LEG, 54.31%
LEG, 54.31%
LEG, 70.94%
LEG, 64.93%
LEN, 57.92%
LEN, 55.11%
LEN, 68.94%
LEN, 63.33%
LH, 54.71%
LH, 56.91%
LH, 61.72%
LH, 57.92%
LKQ, 57.11%
LKQ, 53.71%
LKQ, 66.13%
LKQ, 65.93%
LLL, 54.31%
LLL, 56.31%
LLL, 59.12%
LLL, 62.93%
LLY, 56.31%
LLY, 52.91%
LLY, 64.13%
LLY, 68.94%
LMT, 51.30%
LMT, 54.71%
LMT, 52.71%
LMT, 57.11%
LNC, 54.11%
LNC, 58.32%
LNC, 62.93%
LNC, 57.92%
LNT, 58.12%
LNT, 58.12%
LNT, 71.14%
LNT, 71.54%
LOW, 59.12%
LOW, 55.11%
LOW, 66.73%
LOW, 53.31%
LRCX, 50.70%
LRCX, 55.51%
LRCX, 63.13%
LRCX, 58.72%
LUV, 56.91%
LUV, 56.31%
LUV, 63.73%
LUV, 59.92%
LYB, 58.72%
LYB, 57.11%
LYB, 65.73%
LYB, 63.53%
M, 52.30%
M, 53.91%
M, 61.32%
M, 65.53%
MA, 50.30%
MA, 55.11%
MA, 62.32%
MA, 61.32%
MAA, 53.11%
MAA, 51.10%
MAA, 58.92%
MAA, 60.92%
MAC, 53.51%
MAC, 52.10%
MAC, 66.93%
MAC, 67.54%
MAR, 53.51%
MAR, 57.92%
MAR, 60.32%
MAR, 64.13%
MAS, 52.71%
MAS, 52.91%
MAS, 65.53%
MAS, 65.13%
MAT, 53.11%
MAT, 52.51%
MAT, 72.55%
MAT, 63.73%
MCD, 50.70%
MCD, 54.91%
MCD, 56.11%
MCD, 61.52%
MCHP, 55.71%
MCHP, 51.30%
MCHP, 60.92%
MCHP, 65.33%
MCK, 60.52%
MCK, 58.12%
MCK, 63.33%
MCK, 70.14%
MCO, 49.30%
MCO, 55.31%
MCO, 64.53%
MCO, 61.12%
MDLZ, 57.31%
MDLZ, 52.51%
MDLZ, 65.33%
MDLZ, 68.14%
MDT, 55.31%
MDT, 54.11%
MDT, 67.94%
MDT, 68.14%
MET, 51.30%
MET, 56.11%
MET, 59.52%
MET, 59.52%
MGM, 56.11%
MGM, 51.30%
MGM, 65.13%
MGM, 63.73%
MHK, 49.70%
MHK, 55.91%
MHK, 55.91%
MHK, 65.53%
MKC, 53.11%
MKC, 48.70%
MKC, 69.14%
MKC, 66.13%
MLM, 53.91%
MLM, 53.11%
MLM, 67.74%
MLM, 63.93%
MMC, 57.31%
MMC, 50.90%
MMC, 62.12%
MMC, 58.52%
MMM, 50.30%
MMM, 51.30%
MMM, 62.73%
MMM, 64.13%
MNST, 55.31%
MNST, 60.12%
MNST, 66.33%
MNST, 65.53%
MO, 52.51%
MO, 52.10%
MO, 63.73%
MO, 68.54%
MOS, 60.12%
MOS, 58.72%
MOS, 70.14%
MOS, 66.13%
MPC, 57.52%
MPC, 53.51%
MPC, 60.52%
MPC, 67.74%
MRK, 52.51%
MRK, 56.71%
MRK, 66.93%
MRK, 64.33%
MRO, 59.12%
MRO, 51.50%
MRO, 62.12%
MRO, 62.53%
MS, 54.31%
MS, 53.91%
MS, 63.93%
MS, 61.92%
MSFT, 51.30%
MSFT, 48.30%
MSFT, 52.30%
MSFT, 50.90%
MSI, 54.51%
MSI, 50.10%
MSI, 61.32%
MSI, 66.93%
MTB, 51.50%
MTB, 55.51%
MTB, 56.51%
MTB, 57.92%
MTD, 55.31%
MTD, 49.90%
MTD, 55.51%
MTD, 62.32%
MU, 56.51%
MU, 55.91%
MU, 60.92%
MU, 61.32%
MYL, 58.12%
MYL, 59.52%
MYL, 70.54%
MYL, 67.13%
NBL, 51.10%
NBL, 55.31%
NBL, 60.72%
NBL, 62.12%
NCLH, 56.51%
NCLH, 54.31%
NCLH, 69.34%
NCLH, 61.52%
NDAQ, 55.51%
NDAQ, 56.11%
NDAQ, 56.51%
NDAQ, 54.31%
NEE, 54.31%
NEE, 55.71%
NEE, 64.33%
NEE, 56.31%
NEM, 55.71%
NEM, 54.91%
NEM, 67.33%
NEM, 61.52%
NFLX, 56.31%
NFLX, 52.10%
NFLX, 61.12%
NFLX, 61.12%
NFX, 57.92%
NFX, 58.12%
NFX, 68.74%
NFX, 73.75%
NI, 55.11%
NI, 53.71%
NI, 68.54%
NI, 62.73%
NKE, 49.30%
NKE, 58.12%
NKE, 56.11%
NKE, 56.31%
NLSN, 50.70%
NLSN, 60.12%
NLSN, 66.73%
NLSN, 63.73%
NOC, 49.90%
NOC, 50.10%
NOC, 59.52%
NOC, 57.52%
NOV, 54.11%
NOV, 57.11%
NOV, 68.14%
NOV, 62.73%
NRG, 54.31%
NRG, 52.10%
NRG, 67.13%
NRG, 66.53%
NSC, 55.31%
NSC, 54.51%
NSC, 67.94%
NSC, 54.71%
NTAP, 52.30%
NTAP, 54.11%
NTAP, 62.12%
NTAP, 62.32%
NTRS, 55.51%
NTRS, 57.72%
NTRS, 59.12%
NTRS, 69.54%
NUE, 53.11%
NUE, 54.71%
NUE, 68.54%
NUE, 64.33%
NVDA, 47.49%
NVDA, 50.70%
NVDA, 62.12%
NVDA, 60.12%
NWL, 56.71%
NWL, 49.10%
NWL, 64.13%
NWL, 60.32%
NWS, 60.32%
NWS, 56.91%
NWS, 68.74%
NWS, 69.34%
NWSA, 54.31%
NWSA, 52.30%
NWSA, 69.34%
NWSA, 59.92%
O, 57.72%
O, 52.91%
O, 69.34%
O, 61.72%
OKE, 58.32%
OKE, 56.31%
OKE, 65.33%
OKE, 60.12%
OMC, 53.91%
OMC, 55.91%
OMC, 66.73%
OMC, 64.93%
ORCL, 53.51%
ORCL, 54.11%
ORCL, 68.94%
ORCL, 70.14%
ORLY, 54.91%
ORLY, 55.91%
ORLY, 66.53%
ORLY, 65.13%
OXY, 60.52%
OXY, 54.91%
OXY, 62.93%
OXY, 60.92%
PAYX, 53.51%
PAYX, 54.51%
PAYX, 61.12%
PAYX, 57.52%
PBCT, 51.10%
PBCT, 53.51%
PBCT, 66.53%
PBCT, 64.73%
PCAR, 55.71%
PCAR, 58.72%
PCAR, 67.54%
PCAR, 58.12%
PCG, 49.70%
PCG, 55.71%
PCG, 67.13%
PCG, 67.33%
PDCO, 53.51%
PDCO, 54.51%
PDCO, 63.53%
PDCO, 70.94%
PEG, 55.31%
PEG, 56.71%
PEG, 63.53%
PEG, 71.54%
PEP, 55.51%
PEP, 57.52%
PEP, 61.72%
PEP, 66.33%
PFE, 54.51%
PFE, 52.10%
PFE, 65.53%
PFE, 68.54%
PFG, 56.11%
PFG, 52.91%
PFG, 58.12%
PFG, 61.92%
PG, 48.70%
PG, 52.51%
PG, 61.32%
PG, 70.54%
PGR, 55.31%
PGR, 51.90%
PGR, 62.12%
PGR, 61.52%
PH, 54.11%
PH, 55.11%
PH, 64.13%
PH, 66.53%
PHM, 54.71%
PHM, 56.51%
PHM, 64.93%
PHM, 63.13%
PKG, 56.11%
PKG, 54.71%
PKG, 66.53%
PKG, 66.73%
PKI, 53.11%
PKI, 54.31%
PKI, 68.14%
PKI, 68.74%
PLD, 48.90%
PLD, 52.30%
PLD, 68.74%
PLD, 65.33%
PM, 58.52%
PM, 54.91%
PM, 67.13%
PM, 66.53%
PNC, 51.90%
PNC, 54.11%
PNC, 60.52%
PNC, 59.52%
PNR, 55.51%
PNR, 50.50%
PNR, 66.73%
PNR, 61.92%
PNW, 55.91%
PNW, 50.30%
PNW, 69.74%
PNW, 64.93%
PPG, 55.31%
PPG, 55.91%
PPG, 66.33%
PPG, 67.94%
PPL, 58.32%
PPL, 59.92%
PPL, 69.74%
PPL, 70.14%
PRGO, 52.71%
PRGO, 56.51%
PRGO, 65.73%
PRGO, 63.13%
PRU, 49.50%
PRU, 56.91%
PRU, 63.73%
PRU, 57.92%
PSA, 51.50%
PSA, 58.32%
PSA, 69.14%
PSA, 61.32%
PSX, 56.31%
PSX, 57.52%
PSX, 68.14%
PSX, 69.94%
PVH, 52.51%
PVH, 53.51%
PVH, 62.32%
PVH, 60.12%
PWR, 46.49%
PWR, 60.52%
PWR, 64.13%
PWR, 60.52%
PX, 58.52%
PX, 54.31%
PX, 64.13%
PX, 61.12%
PXD, 52.30%
PXD, 56.51%
PXD, 69.34%
PXD, 69.94%
QCOM, 51.90%
QCOM, 53.71%
QCOM, 67.54%
QCOM, 63.33%
RCL, 54.31%
RCL, 57.52%
RCL, 62.12%
RCL, 57.92%
RE, 50.30%
RE, 51.30%
RE, 65.93%
RE, 68.34%
REG, 52.91%
REG, 52.10%
REG, 72.75%
REG, 72.14%
REGN, 56.11%
REGN, 59.72%
REGN, 71.54%
REGN, 72.55%
RF, 54.51%
RF, 51.10%
RF, 64.73%
RF, 57.31%
RHI, 52.71%
RHI, 53.51%
RHI, 64.93%
RHI, 64.73%
RHT, 54.31%
RHT, 53.91%
RHT, 66.93%
RHT, 53.71%
RJF, 54.11%
RJF, 52.51%
RJF, 57.11%
RJF, 60.12%
RL, 55.11%
RL, 55.91%
RL, 65.53%
RL, 58.92%
RMD, 51.70%
RMD, 56.51%
RMD, 64.33%
RMD, 59.52%
ROK, 52.51%
ROK, 51.10%
ROK, 60.92%
ROK, 66.93%
ROP, 53.91%
ROP, 54.11%
ROP, 60.12%
ROP, 58.72%
ROST, 51.10%
ROST, 54.91%
ROST, 58.72%
ROST, 65.93%
RRC, 47.70%
RRC, 52.91%
RRC, 65.33%
RRC, 58.12%
RSG, 53.71%
RSG, 55.71%
RSG, 64.13%
RSG, 63.33%
RTN, 53.71%
RTN, 52.91%
RTN, 61.52%
RTN, 55.11%
SBAC, 55.51%
SBAC, 53.91%
SBAC, 64.13%
SBAC, 66.53%
SBUX, 56.31%
SBUX, 56.91%
SBUX, 68.14%
SBUX, 66.33%
SCG, 52.91%
SCG, 55.51%
SCG, 63.73%
SCG, 61.12%
SCHW, 47.49%
SCHW, 54.11%
SCHW, 54.51%
SCHW, 56.31%
SEE, 56.71%
SEE, 58.32%
SEE, 74.35%
SEE, 68.54%
SHW, 50.70%
SHW, 57.11%
SHW, 60.92%
SHW, 69.74%
SIG, 54.91%
SIG, 55.31%
SIG, 67.74%
SIG, 66.93%
SJM, 57.52%
SJM, 53.91%
SJM, 57.52%
SJM, 60.72%
SLB, 54.31%
SLB, 54.91%
SLB, 62.93%
SLB, 65.13%
SLG, 57.92%
SLG, 56.11%
SLG, 69.14%
SLG, 67.33%
SNA, 53.31%
SNA, 57.92%
SNA, 67.74%
SNA, 68.34%
SNPS, 52.51%
SNPS, 51.90%
SNPS, 61.32%
SNPS, 60.52%
SO, 59.32%
SO, 57.31%
SO, 73.15%
SO, 73.75%
SPG, 54.31%
SPG, 57.72%
SPG, 66.53%
SPG, 64.93%
SPGI, 53.11%
SPGI, 51.90%
SPGI, 59.72%
SPGI, 63.53%
SRCL, 54.71%
SRCL, 52.91%
SRCL, 58.72%
SRCL, 65.73%
SRE, 56.91%
SRE, 57.52%
SRE, 75.75%
SRE, 73.15%
STI, 49.50%
STI, 54.11%
STI, 65.73%
STI, 62.32%
STT, 53.51%
STT, 51.70%
STT, 60.32%
STT, 62.12%
STX, 52.51%
STX, 48.50%
STX, 62.53%
STX, 69.54%
STZ, 54.91%
STZ, 54.91%
STZ, 62.12%
STZ, 60.52%
SWK, 56.11%
SWK, 52.91%
SWK, 61.92%
SWK, 60.92%
SWKS, 53.51%
SWKS, 57.72%
SWKS, 71.34%
SWKS, 62.73%
SYK, 52.30%
SYK, 51.70%
SYK, 61.72%
SYK, 61.52%
SYMC, 55.31%
SYMC, 49.90%
SYMC, 64.33%
SYMC, 58.92%
SYY, 54.11%
SYY, 55.91%
SYY, 59.92%
SYY, 60.52%
T, 59.52%
T, 59.92%
T, 65.93%
T, 61.72%
TAP, 56.11%
TAP, 54.11%
TAP, 66.93%
TAP, 65.53%
TDG, 52.51%
TDG, 56.51%
TDG, 65.13%
TDG, 61.72%
TEL, 52.71%
TEL, 56.31%
TEL, 63.33%
TEL, 63.33%
TGT, 59.12%
TGT, 59.32%
TGT, 66.93%
TGT, 66.73%
TIF, 51.10%
TIF, 48.90%
TIF, 67.94%
TIF, 69.94%
TJX, 53.51%
TJX, 54.31%
TJX, 68.14%
TJX, 65.33%
TMK, 53.31%
TMK, 54.11%
TMK, 58.32%
TMK, 66.13%
TMO, 56.31%
TMO, 56.31%
TMO, 64.13%
TMO, 65.93%
TPR, 56.31%
TPR, 57.52%
TPR, 65.33%
TPR, 61.12%
TRIP, 54.71%
TRIP, 58.92%
TRIP, 62.53%
TRIP, 66.93%
TROW, 55.11%
TROW, 55.51%
TROW, 62.93%
TROW, 60.52%
TRV, 51.70%
TRV, 51.70%
TRV, 54.11%
TRV, 60.92%
TSCO, 53.71%
TSCO, 52.30%
TSCO, 62.32%
TSCO, 66.93%
TSN, 53.71%
TSN, 59.92%
TSN, 64.53%
TSN, 67.33%
TSS, 55.91%
TSS, 54.31%
TSS, 65.93%
TSS, 52.10%
TXN, 54.51%
TXN, 52.71%
TXN, 63.73%
TXN, 61.92%
TXT, 54.31%
TXT, 57.72%
TXT, 65.93%
TXT, 69.14%
UAA, 49.90%
UAA, 57.72%
UAA, 58.12%
UAA, 52.91%
UAL, 55.31%
UAL, 57.92%
UAL, 69.74%
UAL, 70.74%
UDR, 57.52%
UDR, 56.11%
UDR, 73.35%
UDR, 69.74%
UHS, 54.51%
UHS, 61.92%
UHS, 73.55%
UHS, 65.13%
ULTA, 53.11%
ULTA, 52.71%
ULTA, 61.52%
ULTA, 64.53%
UNH, 56.51%
UNH, 53.51%
UNH, 60.92%
UNH, 61.52%
UNM, 57.72%
UNM, 58.92%
UNM, 62.12%
UNM, 55.91%
UNP, 53.31%
UNP, 50.70%
UNP, 64.13%
UNP, 63.33%
UPS, 51.10%
UPS, 56.51%
UPS, 64.53%
UPS, 62.32%
URI, 50.10%
URI, 53.31%
URI, 69.74%
URI, 57.72%
USB, 52.10%
USB, 51.50%
USB, 66.73%
USB, 62.73%
UTX, 55.71%
UTX, 52.71%
UTX, 60.92%
UTX, 61.12%
V, 49.90%
V, 48.90%
V, 58.92%
V, 58.12%
VAR, 52.10%
VAR, 53.71%
VAR, 57.92%
VAR, 65.53%
VFC, 53.31%
VFC, 59.12%
VFC, 58.92%
VFC, 63.93%
VIAB, 52.30%
VIAB, 51.30%
VIAB, 60.12%
VIAB, 67.94%
VLO, 53.71%
VLO, 54.11%
VLO, 67.33%
VLO, 62.12%
VMC, 56.91%
VMC, 56.91%
VMC, 69.54%
VMC, 64.93%
VNO, 56.31%
VNO, 55.71%
VNO, 71.74%
VNO, 72.14%
VRSK, 50.10%
VRSK, 53.71%
VRSK, 64.93%
VRSK, 59.92%
VRSN, 51.90%
VRSN, 57.31%
VRSN, 61.92%
VRSN, 61.12%
VRTX, 56.11%
VRTX, 57.72%
VRTX, 66.53%
VRTX, 69.54%
VTR, 49.10%
VTR, 53.11%
VTR, 67.74%
VTR, 62.73%
VZ, 57.92%
VZ, 59.52%
VZ, 69.74%
VZ, 63.93%
WAT, 48.90%
WAT, 53.51%
WAT, 64.13%
WAT, 61.72%
WBA, 56.71%
WBA, 57.11%
WBA, 67.94%
WBA, 66.33%
WDC, 53.71%
WDC, 54.91%
WDC, 67.94%
WDC, 60.92%
WEC, 55.31%
WEC, 54.11%
WEC, 61.52%
WEC, 68.54%
WFC, 51.10%
WFC, 51.10%
WFC, 60.92%
WFC, 63.13%
WHR, 54.11%
WHR, 58.92%
WHR, 68.34%
WHR, 71.94%
WLTW, 53.91%
WLTW, 53.71%
WLTW, 66.33%
WLTW, 67.33%
WM, 53.51%
WM, 56.11%
WM, 55.31%
WM, 58.72%
WMB, 50.70%
WMB, 57.31%
WMB, 62.53%
WMB, 59.32%
WMT, 51.50%
WMT, 51.70%
WMT, 57.92%
WMT, 58.72%
WU, 57.52%
WU, 58.12%
WU, 72.75%
WU, 67.54%
WY, 57.52%
WY, 51.70%
WY, 68.94%
WY, 60.72%
WYNN, 56.91%
WYNN, 53.51%
WYNN, 61.32%
WYNN, 58.32%
XEC, 57.72%
XEC, 55.51%
XEC, 72.75%
XEC, 70.54%
XEL, 54.91%
XEL, 54.11%
XEL, 64.53%
XEL, 69.14%
XL, 57.11%
XL, 55.51%
XL, 64.93%
XL, 63.13%
XLNX, 55.11%
XLNX, 54.31%
XLNX, 60.72%
XLNX, 61.12%
XOM, 57.92%
XOM, 59.92%
XOM, 58.12%
XOM, 64.33%
XRAY, 58.12%
XRAY, 55.91%
XRAY, 69.74%
XRAY, 67.74%
XRX, 59.12%
XRX, 56.31%
XRX, 72.95%
XRX, 73.75%
XYL, 52.51%
XYL, 55.31%
XYL, 61.92%
XYL, 59.72%
YUM, 53.91%
YUM, 52.91%
YUM, 62.32%
YUM, 62.73%
ZBH, 53.71%
ZBH, 58.32%
ZBH, 70.94%
ZBH, 69.94%
ZION, 50.50%
ZION, 49.10%
ZION, 65.33%
ZION, 64.33%
ZTS, 50.30%
ZTS, 49.90%
ZTS, 63.33%
ZTS, 61.12%
^BSESN, 55.11%
^BSESN, 60.52%
^BSESN, 64.93%
^BSESN, 65.73%
^DJI, 57.52%
^DJI, 58.72%
^DJI, 69.74%
^DJI, 68.54%
^FTSE, 63.33%
^FTSE, 61.72%
^FTSE, 78.76%
^FTSE, 78.16%
^GSPC, 62.32%
^GSPC, 60.52%
^GSPC, 64.93%
^GSPC, 66.53%
^HSI, 52.30%
^HSI, 56.51%
^HSI, 56.11%
^HSI, 59.32%
^IXIC, 50.10%
^IXIC, 57.72%
^IXIC, 59.72%
^IXIC, 61.92%
^N225, 50.50%
^N225, 51.50%
^N225, 57.52%
^N225, 57.92%
A, 52.3%, 52.51%, 63.13%, 62.73%
AAL, 57.52%, 49.3%, 72.55%, 69.54%
AAP, 53.11%, 51.3%, 66.33%, 69.94%
AAPL, 53.11%, 52.1%, 58.32%, 57.72%
ABBV, 57.92%, 55.71%, 63.73%, 67.74%
ABC, 58.72%, 53.91%, 66.13%, 63.13%
ABT, 56.91%, 55.51%, 55.11%, 63.33%
ACN, 49.1%, 52.1%, 59.72%, 65.73%
ADBE, 47.7%, 55.51%, 54.51%, 52.91%
ADI, 50.5%, 56.51%, 57.11%, 63.13%
ADM, 52.91%, 57.92%, 67.94%, 66.53%
ADP, 54.71%, 52.51%, 62.73%, 64.93%
ADS, 57.72%, 56.31%, 69.14%, 66.73%
ADSK, 53.51%, 58.92%, 57.72%, 57.31%
AEE, 56.11%, 59.72%, 66.93%, 61.72%
AEP, 57.52%, 52.3%, 68.54%, 68.54%
AES, 56.11%, 59.92%, 72.14%, 65.53%
AET, 57.52%, 52.51%, 61.32%, 65.33%
AFL, 53.71%, 49.5%, 58.52%, 61.72%
AGN, 52.51%, 53.51%, 62.73%, 69.14%
AIG, 57.52%, 54.31%, 56.51%, 65.53%
AIV, 53.11%, 56.31%, 70.74%, 75.35%
AIZ, 54.31%, 55.11%, 68.74%, 69.54%
AJG, 54.31%, 50.3%, 62.73%, 59.72%
AKAM, 54.31%, 53.11%, 67.94%, 63.93%
ALB, 52.1%, 56.91%, 60.12%, 65.73%
ALGN, 52.3%, 51.9%, 59.72%, 58.72%
ALK, 48.3%, 53.31%, 72.55%, 63.93%
ALL, 58.32%, 53.31%, 64.13%, 64.13%
ALLE, 49.1%, 54.11%, 69.14%, 68.14%
ALXN, 61.52%, 60.92%, 71.54%, 74.55%
AMAT, 53.91%, 53.51%, 62.53%, 61.32%
AMD, 57.72%, 54.91%, 59.92%, 65.13%
AME, 55.11%, 53.91%, 59.52%, 63.33%
AMG, 56.71%, 58.12%, 60.12%, 67.33%
AMGN, 49.9%, 48.5%, 71.94%, 67.54%
AMP, 48.3%, 53.51%, 62.73%, 59.92%
AMT, 54.71%, 54.71%, 68.34%, 67.94%
AMZN, 54.91%, 46.09%, 59.92%, 60.72%
ANDV, 54.31%, 54.91%, 62.12%, 68.54%
ANSS, 54.51%, 55.51%, 67.74%, 64.93%
ANTM, 57.11%, 52.3%, 66.73%, 65.93%
AON, 53.31%, 55.11%, 63.93%, 60.72%
AOS, 52.71%, 53.11%, 56.51%, 59.32%
APA, 53.71%, 54.51%, 68.74%, 64.13%
APC, 52.91%, 55.91%, 61.32%, 65.13%
APD, 54.11%, 55.31%, 57.31%, 61.52%
APH, 53.31%, 54.11%, 64.73%, 67.13%
APTV, 54.71%, 54.31%, 60.52%, 68.14%
ARE, 56.51%, 57.92%, 69.14%, 63.33%
ARNC, 56.11%, 55.11%, 67.33%, 60.92%
ATVI, 50.9%, 55.91%, 60.12%, 60.72%
AVB, 55.51%, 50.9%, 70.94%, 72.14%
AVGO, 54.91%, 55.11%, 64.33%, 62.12%
AVY, 52.71%, 53.51%, 61.72%, 59.92%
AWK, 52.51%, 53.91%, 67.54%, 66.73%
AXP, 55.11%, 55.91%, 62.32%, 61.52%
AYI, 51.3%, 54.11%, 67.13%, 68.14%
AZO, 54.31%, 56.91%, 66.53%, 69.94%
BA, 52.51%, 51.3%, 62.73%, 61.72%
BAC, 51.9%, 52.1%, 60.12%, 60.32%
BAX, 54.51%, 54.31%, 67.54%, 58.12%
BBT, 58.32%, 52.71%, 63.33%, 58.92%
BBY, 53.71%, 55.71%, 67.94%, 63.73%
BDX, 53.51%, 56.11%, 63.13%, 60.52%
BEN, 56.31%, 52.91%, 61.92%, 64.93%
BHGE, 53.11%, 56.31%, 58.92%, 67.54%
BIIB, 51.5%, 58.52%, 72.55%, 72.95%
BK, 51.1%, 54.71%, 58.12%, 62.53%
BLK, 54.51%, 58.52%, 64.93%, 65.33%
BLL, 50.7%, 56.51%, 61.92%, 68.54%
BMY, 52.3%, 54.71%, 72.14%, 60.12%
BSX, 46.89%, 51.7%, 67.33%, 59.92%
BWA, 56.11%, 61.32%, 61.32%, 69.54%
BXP, 53.11%, 55.51%, 70.54%, 75.35%
C, 53.31%, 57.11%, 57.72%, 60.72%
CA, 51.9%, 50.9%, 67.33%, 66.73%
CAG, 53.91%, 53.91%, 67.13%, 62.73%
CAH, 52.51%, 60.52%, 66.33%, 62.12%
CAT, 53.71%, 58.32%, 62.73%, 56.91%
CB, 51.9%, 52.1%, 66.13%, 63.33%
CBOE, 55.51%, 49.9%, 56.11%, 65.13%
CBS, 56.91%, 59.12%, 69.34%, 68.14%
CCI, 52.51%, 56.11%, 66.13%, 65.33%
CCL, 54.91%, 54.71%, 58.12%, 63.73%
CDNS, 53.51%, 51.3%, 63.93%, 61.72%
CELG, 52.3%, 60.12%, 64.13%, 68.74%
CERN, 54.11%, 59.72%, 73.15%, 68.94%
CF, 54.31%, 52.3%, 67.74%, 67.94%
CHD, 54.71%, 55.71%, 66.13%, 61.12%
CHK, 50.7%, 55.11%, 65.33%, 62.93%
CHRW, 56.31%, 55.51%, 67.13%, 67.54%
CHTR, 56.71%, 54.51%, 65.33%, 60.32%
CI, 53.31%, 56.31%, 62.73%, 65.33%
CINF, 54.31%, 53.31%, 66.13%, 66.73%
CL, 57.11%, 54.71%, 64.33%, 67.13%
CLX, 56.71%, 54.71%, 65.93%, 65.53%
CMA, 55.31%, 51.5%, 70.34%, 61.32%
CMCSA, 55.11%, 51.7%, 58.32%, 69.74%
CME, 52.91%, 55.51%, 60.12%, 60.32%
CMG, 50.1%, 56.51%, 66.33%, 68.94%
CMI, 46.49%, 57.52%, 60.12%, 69.14%
CMS, 54.51%, 54.11%, 60.52%, 68.14%
CNC, 50.3%, 56.31%, 69.74%, 64.53%
CNP, 58.12%, 53.11%, 65.93%, 68.34%
COF, 55.91%, 55.51%, 65.73%, 57.11%
COG, 50.1%, 53.11%, 71.94%, 71.34%
COL, 56.51%, 54.91%, 64.53%, 56.91%
COO, 53.51%, 59.92%, 68.34%, 69.54%
COP, 50.9%, 55.31%, 63.93%, 66.33%
COST, 52.71%, 52.91%, 62.32%, 65.73%
COTY, 54.71%, 55.51%, 68.14%, 71.34%
CPB, 53.91%, 52.71%, 61.12%, 52.51%
CRM, 55.11%, 54.51%, 61.72%, 54.31%
CSCO, 53.31%, 53.31%, 65.33%, 58.72%
CSX, 54.31%, 51.7%, 61.32%, 68.34%
CTAS, 55.11%, 52.1%, 63.13%, 56.51%
CTL, 54.11%, 56.11%, 59.52%, 64.93%
CTSH, 57.52%, 49.7%, 59.92%, 66.53%
CTXS, 52.1%, 52.51%, 65.53%, 63.73%
CVS, 52.91%, 55.51%, 63.13%, 62.73%
CVX, 52.91%, 50.3%, 60.92%, 52.1%
CXO, 52.71%, 55.91%, 67.74%, 72.34%
D, 52.3%, 51.7%, 65.33%, 72.55%
DAL, 53.71%, 59.72%, 70.54%, 69.74%
DE, 50.3%, 51.9%, 64.73%, 59.92%
DFS, 49.3%, 56.71%, 65.33%, 67.94%
DG, 51.3%, 55.31%, 65.93%, 57.72%
DGX, 54.71%, 52.3%, 69.74%, 65.53%
DHI, 53.51%, 52.1%, 56.91%, 60.72%
DHR, 55.71%, 49.9%, 56.71%, 64.93%
DIS, 48.5%, 54.31%, 66.33%, 66.73%
DISCA, 56.31%, 52.51%, 70.34%, 69.54%
DISCK, 59.12%, 56.91%, 66.33%, 70.54%
DISH, 51.3%, 52.91%, 65.53%, 61.32%
DLR, 56.51%, 60.92%, 62.93%, 70.54%
DLTR, 53.71%, 55.51%, 70.54%, 68.34%
DOV, 53.91%, 49.1%, 63.53%, 59.92%
DPS, 51.1%, 54.11%, 58.72%, 64.73%
DRE, 56.51%, 55.11%, 69.94%, 67.33%
DRI, 58.12%, 50.1%, 55.91%, 61.92%
DTE, 55.51%, 61.12%, 54.51%, 67.54%
DUK, 55.91%, 59.72%, 58.12%, 71.94%
DVA, 54.11%, 59.12%, 60.72%, 69.34%
DVN, 54.31%, 55.11%, 62.12%, 53.31%
DWDP, 48.3%, 51.3%, 68.34%, 66.33%
DXC, 54.71%, 52.3%, 55.51%, 57.11%
EA, 53.51%, 56.71%, 64.93%, 59.32%
EBAY, 53.11%, 54.31%, 57.72%, 62.53%
ECL, 56.11%, 53.51%, 67.33%, 70.14%
ED, 50.7%, 56.91%, 70.34%, 60.72%
EFX, 52.91%, 48.3%, 59.52%, 52.1%
EIX, 54.51%, 57.11%, 70.94%, 69.34%
EL, 53.91%, 53.31%, 57.31%, 58.92%
EMN, 54.31%, 53.91%, 64.73%, 66.13%
EMR, 53.51%, 57.11%, 66.73%, 60.52%
EOG, 56.91%, 56.51%, 61.92%, 62.53%
EQIX, 54.31%, 51.1%, 65.13%, 61.92%
EQR, 52.71%, 57.72%, 60.52%, 63.53%
EQT, 58.12%, 56.91%, 68.14%, 68.54%
ES, 57.11%, 58.72%, 67.13%, 69.74%
ESRX, 58.32%, 59.12%, 70.94%, 61.12%
ESS, 54.31%, 58.92%, 74.75%, 72.95%
ETFC, 53.71%, 55.51%, 55.71%, 55.51%
ETN, 53.91%, 53.11%, 60.52%, 68.14%
ETR, 54.31%, 50.7%, 74.35%, 73.95%
EVHC, 50.7%, 53.51%, 66.93%, 62.53%
EW, 52.91%, 53.51%, 59.72%, 61.52%
EXC, 53.91%, 55.31%, 74.35%, 72.34%
EXPD, 47.9%, 51.3%, 60.12%, 63.13%
EXPE, 58.12%, 56.71%, 67.33%, 66.73%
EXR, 52.91%, 60.52%, 68.34%, 71.54%
F, 54.11%, 54.71%, 64.13%, 62.93%
FAST, 52.71%, 56.11%, 68.94%, 65.13%
FB, 53.51%, 54.51%, 56.71%, 66.33%
FBHS, 55.31%, 56.11%, 67.33%, 72.14%
FCX, 56.51%, 54.51%, 61.72%, 66.73%
FDX, 55.51%, 55.71%, 56.51%, 62.12%
FE, 56.91%, 58.32%, 71.14%, 74.95%
FFIV, 49.3%, 57.11%, 68.94%, 65.33%
FIS, 53.91%, 48.9%, 61.92%, 55.51%
FISV, 52.71%, 48.7%, 55.51%, 55.71%
FITB, 52.51%, 52.1%, 61.32%, 66.73%
FL, 55.11%, 54.11%, 65.73%, 62.32%
FLIR, 54.71%, 55.11%, 66.33%, 61.32%
FLR, 52.3%, 60.92%, 67.94%, 62.73%
FLS, 53.71%, 52.91%, 71.74%, 64.33%
FMC, 53.51%, 54.31%, 66.53%, 57.11%
FOX, 56.91%, 57.31%, 67.54%, 70.74%
FOXA, 52.71%, 52.1%, 67.13%, 69.94%
FRT, 54.91%, 56.91%, 64.13%, 59.52%
FTI, 52.91%, 53.11%, 62.12%, 59.72%
GD, 54.11%, 54.71%, 68.34%, 67.33%
GE, 56.71%, 52.1%, 62.93%, 62.93%
GGP, 53.11%, 58.92%, 66.13%, 68.74%
GILD, 53.31%, 53.31%, 69.14%, 66.93%
GIS, 55.31%, 57.11%, 62.93%, 63.93%
GLW, 55.91%, 53.51%, 56.71%, 62.53%
GM, 55.51%, 58.32%, 74.15%, 67.74%
GOOG, 52.91%, 53.11%, 59.52%, 62.53%
GOOGL, 48.3%, 53.11%, 60.32%, 56.71%
GPC, 51.1%, 54.31%, 65.73%, 66.33%
GPN, 52.71%, 52.3%, 66.33%, 59.72%
GPS, 54.31%, 49.9%, 67.54%, 65.33%
GRMN, 54.11%, 53.11%, 65.13%, 63.73%
GS, 54.91%, 52.3%, 64.93%, 65.53%
GT, 57.31%, 51.5%, 64.53%, 69.14%
GWW, 56.11%, 52.1%, 58.72%, 61.72%
HAL, 53.31%, 59.32%, 66.53%, 63.53%
HAS, 52.1%, 51.5%, 57.92%, 61.92%
HBAN, 48.5%, 58.32%, 65.73%, 61.12%
HBI, 50.9%, 50.1%, 67.13%, 68.14%
HCA, 53.91%, 60.72%, 66.93%, 69.94%
HCP, 56.31%, 57.11%, 63.13%, 67.33%
HD, 51.7%, 50.3%, 59.12%, 59.12%
HES, 52.1%, 56.51%, 64.13%, 62.73%
HIG, 53.91%, 56.31%, 64.33%, 64.33%
HII, 57.11%, 54.71%, 66.73%, 60.72%
HLT, 56.31%, 52.71%, 65.73%, 63.53%
HOG, 56.91%, 50.3%, 67.94%, 61.12%
HOLX, 56.71%, 55.31%, 67.94%, 62.93%
HON, 55.11%, 52.3%, 53.31%, 61.92%
HP, 56.31%, 51.9%, 62.12%, 66.93%
HPQ, 55.71%, 56.31%, 65.33%, 59.72%
HRB, 55.71%, 51.3%, 65.53%, 67.54%
HRL, 52.1%, 56.51%, 62.53%, 70.54%
HRS, 52.51%, 56.11%, 59.12%, 55.71%
HSIC, 49.9%, 52.91%, 69.14%, 67.33%
HST, 54.91%, 62.73%, 67.74%, 71.54%
HSY, 54.91%, 56.31%, 69.34%, 70.94%
HUM, 50.9%, 53.51%, 56.11%, 66.33%
IBM, 55.31%, 51.3%, 62.93%, 63.13%
ICE, 52.1%, 51.7%, 68.34%, 66.73%
IDXX, 49.3%, 49.9%, 62.73%, 55.31%
IFF, 52.1%, 57.11%, 61.92%, 57.31%
ILMN, 56.71%, 56.11%, 69.54%, 67.54%
INCY, 52.91%, 51.7%, 72.34%, 73.75%
INTC, 54.71%, 50.1%, 64.93%, 60.32%
INTU, 53.51%, 54.51%, 56.31%, 56.91%
IP, 51.3%, 54.51%, 69.14%, 70.94%
IPG, 53.31%, 56.71%, 70.34%, 67.54%
IQV, 54.91%, 56.91%, 64.33%, 64.13%
IR, 52.1%, 55.71%, 61.92%, 66.53%
IRM, 60.12%, 60.12%, 66.33%, 70.14%
ISRG, 52.51%, 54.51%, 59.92%, 64.73%
IT, 56.71%, 55.51%, 65.93%, 62.93%
ITW, 54.31%, 49.9%, 59.52%, 57.72%
IVZ, 54.11%, 56.51%, 68.34%, 63.13%
JBHT, 52.71%, 55.31%, 59.32%, 65.13%
JCI, 55.11%, 55.51%, 68.74%, 68.94%
JEC, 53.11%, 54.31%, 57.72%, 66.13%
JNJ, 50.1%, 56.91%, 61.92%, 67.94%
JNPR, 55.71%, 54.91%, 63.93%, 68.34%
JPM, 53.71%, 49.9%, 59.72%, 49.3%
JWN, 59.92%, 57.11%, 65.93%, 59.92%
K, 56.31%, 58.52%, 67.54%, 72.95%
KEY, 51.9%, 55.91%, 67.54%, 65.33%
KIM, 56.51%, 58.12%, 65.13%, 67.74%
KLAC, 53.71%, 54.71%, 67.74%, 64.33%
KMB, 54.51%, 52.3%, 70.94%, 67.33%
KMI, 55.11%, 49.3%, 63.33%, 63.93%
KMX, 54.31%, 59.72%, 70.94%, 70.14%
KO, 53.11%, 55.51%, 69.54%, 67.13%
KORS, 52.3%, 57.11%, 63.93%, 66.93%
KR, 56.91%, 56.91%, 59.92%, 63.13%
KSS, 58.72%, 53.71%, 66.33%, 69.54%
KSU, 54.11%, 58.92%, 70.14%, 75.15%
L, 45.29%, 58.12%, 61.72%, 64.53%
LB, 57.52%, 54.51%, 63.93%, 68.14%
LEG, 54.31%, 54.31%, 70.94%, 64.93%
LEN, 57.92%, 55.11%, 68.94%, 63.33%
LH, 54.71%, 56.91%, 61.72%, 57.92%
LKQ, 57.11%, 53.71%, 66.13%, 65.93%
LLL, 54.31%, 56.31%, 59.12%, 62.93%
LLY, 56.31%, 52.91%, 64.13%, 68.94%
LMT, 51.3%, 54.71%, 52.71%, 57.11%
LNC, 54.11%, 58.32%, 62.93%, 57.92%
LNT, 58.12%, 58.12%, 71.14%, 71.54%
LOW, 59.12%, 55.11%, 66.73%, 53.31%
LRCX, 50.7%, 55.51%, 63.13%, 58.72%
LUV, 56.91%, 56.31%, 63.73%, 59.92%
LYB, 58.72%, 57.11%, 65.73%, 63.53%
M, 52.3%, 53.91%, 61.32%, 65.53%
MA, 50.3%, 55.11%, 62.32%, 61.32%
MAA, 53.11%, 51.1%, 58.92%, 60.92%
MAC, 53.51%, 52.1%, 66.93%, 67.54%
MAR, 53.51%, 57.92%, 60.32%, 64.13%
MAS, 52.71%, 52.91%, 65.53%, 65.13%
MAT, 53.11%, 52.51%, 72.55%, 63.73%
MCD, 50.7%, 54.91%, 56.11%, 61.52%
MCHP, 55.71%, 51.3%, 60.92%, 65.33%
MCK, 60.52%, 58.12%, 63.33%, 70.14%
MCO, 49.3%, 55.31%, 64.53%, 61.12%
MDLZ, 57.31%, 52.51%, 65.33%, 68.14%
MDT, 55.31%, 54.11%, 67.94%, 68.14%
MET, 51.3%, 56.11%, 59.52%, 59.52%
MGM, 56.11%, 51.3%, 65.13%, 63.73%
MHK, 49.7%, 55.91%, 55.91%, 65.53%
MKC, 53.11%, 48.7%, 69.14%, 66.13%
MLM, 53.91%, 53.11%, 67.74%, 63.93%
MMC, 57.31%, 50.9%, 62.12%, 58.52%
MMM, 50.3%, 51.3%, 62.73%, 64.13%
MNST, 55.31%, 60.12%, 66.33%, 65.53%
MO, 52.51%, 52.1%, 63.73%, 68.54%
MOS, 60.12%, 58.72%, 70.14%, 66.13%
MPC, 57.52%, 53.51%, 60.52%, 67.74%
MRK, 52.51%, 56.71%, 66.93%, 64.33%
MRO, 59.12%, 51.5%, 62.12%, 62.53%
MS, 54.31%, 53.91%, 63.93%, 61.92%
MSFT, 51.3%, 48.3%, 52.3%, 50.9%
MSI, 54.51%, 50.1%, 61.32%, 66.93%
MTB, 51.5%, 55.51%, 56.51%, 57.92%
MTD, 55.31%, 49.9%, 55.51%, 62.32%
MU, 56.51%, 55.91%, 60.92%, 61.32%
MYL, 58.12%, 59.52%, 70.54%, 67.13%
NBL, 51.1%, 55.31%, 60.72%, 62.12%
NCLH, 56.51%, 54.31%, 69.34%, 61.52%
NDAQ, 55.51%, 56.11%, 56.51%, 54.31%
NEE, 54.31%, 55.71%, 64.33%, 56.31%
NEM, 55.71%, 54.91%, 67.33%, 61.52%
NFLX, 56.31%, 52.1%, 61.12%, 61.12%
NFX, 57.92%, 58.12%, 68.74%, 73.75%
NI, 55.11%, 53.71%, 68.54%, 62.73%
NKE, 49.3%, 58.12%, 56.11%, 56.31%
NLSN, 50.7%, 60.12%, 66.73%, 63.73%
NOC, 49.9%, 50.1%, 59.52%, 57.52%
NOV, 54.11%, 57.11%, 68.14%, 62.73%
NRG, 54.31%, 52.1%, 67.13%, 66.53%
NSC, 55.31%, 54.51%, 67.94%, 54.71%
NTAP, 52.3%, 54.11%, 62.12%, 62.32%
NTRS, 55.51%, 57.72%, 59.12%, 69.54%
NUE, 53.11%, 54.71%, 68.54%, 64.33%
NVDA, 47.49%, 50.7%, 62.12%, 60.12%
NWL, 56.71%, 49.1%, 64.13%, 60.32%
NWS, 60.32%, 56.91%, 68.74%, 69.34%
NWSA, 54.31%, 52.3%, 69.34%, 59.92%
O, 57.72%, 52.91%, 69.34%, 61.72%
OKE, 58.32%, 56.31%, 65.33%, 60.12%
OMC, 53.91%, 55.91%, 66.73%, 64.93%
ORCL, 53.51%, 54.11%, 68.94%, 70.14%
ORLY, 54.91%, 55.91%, 66.53%, 65.13%
OXY, 60.52%, 54.91%, 62.93%, 60.92%
PAYX, 53.51%, 54.51%, 61.12%, 57.52%
PBCT, 51.1%, 53.51%, 66.53%, 64.73%
PCAR, 55.71%, 58.72%, 67.54%, 58.12%
PCG, 49.7%, 55.71%, 67.13%, 67.33%
PDCO, 53.51%, 54.51%, 63.53%, 70.94%
PEG, 55.31%, 56.71%, 63.53%, 71.54%
PEP, 55.51%, 57.52%, 61.72%, 66.33%
PFE, 54.51%, 52.1%, 65.53%, 68.54%
PFG, 56.11%, 52.91%, 58.12%, 61.92%
PG, 48.7%, 52.51%, 61.32%, 70.54%
PGR, 55.31%, 51.9%, 62.12%, 61.52%
PH, 54.11%, 55.11%, 64.13%, 66.53%
PHM, 54.71%, 56.51%, 64.93%, 63.13%
PKG, 56.11%, 54.71%, 66.53%, 66.73%
PKI, 53.11%, 54.31%, 68.14%, 68.74%
PLD, 48.9%, 52.3%, 68.74%, 65.33%
PM, 58.52%, 54.91%, 67.13%, 66.53%
PNC, 51.9%, 54.11%, 60.52%, 59.52%
PNR, 55.51%, 50.5%, 66.73%, 61.92%
PNW, 55.91%, 50.3%, 69.74%, 64.93%
PPG, 55.31%, 55.91%, 66.33%, 67.94%
PPL, 58.32%, 59.92%, 69.74%, 70.14%
PRGO, 52.71%, 56.51%, 65.73%, 63.13%
PRU, 49.5%, 56.91%, 63.73%, 57.92%
PSA, 51.5%, 58.32%, 69.14%, 61.32%
PSX, 56.31%, 57.52%, 68.14%, 69.94%
PVH, 52.51%, 53.51%, 62.32%, 60.12%
PWR, 46.49%, 60.52%, 64.13%, 60.52%
PX, 58.52%, 54.31%, 64.13%, 61.12%
PXD, 52.3%, 56.51%, 69.34%, 69.94%
QCOM, 51.9%, 53.71%, 67.54%, 63.33%
RCL, 54.31%, 57.52%, 62.12%, 57.92%
RE, 50.3%, 51.3%, 65.93%, 68.34%
REG, 52.91%, 52.1%, 72.75%, 72.14%
REGN, 56.11%, 59.72%, 71.54%, 72.55%
RF, 54.51%, 51.1%, 64.73%, 57.31%
RHI, 52.71%, 53.51%, 64.93%, 64.73%
RHT, 54.31%, 53.91%, 66.93%, 53.71%
RJF, 54.11%, 52.51%, 57.11%, 60.12%
RL, 55.11%, 55.91%, 65.53%, 58.92%
RMD, 51.7%, 56.51%, 64.33%, 59.52%
ROK, 52.51%, 51.1%, 60.92%, 66.93%
ROP, 53.91%, 54.11%, 60.12%, 58.72%
ROST, 51.1%, 54.91%, 58.72%, 65.93%
RRC, 47.7%, 52.91%, 65.33%, 58.12%
RSG, 53.71%, 55.71%, 64.13%, 63.33%
RTN, 53.71%, 52.91%, 61.52%, 55.11%
SBAC, 55.51%, 53.91%, 64.13%, 66.53%
SBUX, 56.31%, 56.91%, 68.14%, 66.33%
SCG, 52.91%, 55.51%, 63.73%, 61.12%
SCHW, 47.49%, 54.11%, 54.51%, 56.31%
SEE, 56.71%, 58.32%, 74.35%, 68.54%
SHW, 50.7%, 57.11%, 60.92%, 69.74%
SIG, 54.91%, 55.31%, 67.74%, 66.93%
SJM, 57.52%, 53.91%, 57.52%, 60.72%
SLB, 54.31%, 54.91%, 62.93%, 65.13%
SLG, 57.92%, 56.11%, 69.14%, 67.33%
SNA, 53.31%, 57.92%, 67.74%, 68.34%
SNPS, 52.51%, 51.9%, 61.32%, 60.52%
SO, 59.32%, 57.31%, 73.15%, 73.75%
SPG, 54.31%, 57.72%, 66.53%, 64.93%
SPGI, 53.11%, 51.9%, 59.72%, 63.53%
SRCL, 54.71%, 52.91%, 58.72%, 65.73%
SRE, 56.91%, 57.52%, 75.75%, 73.15%
STI, 49.5%, 54.11%, 65.73%, 62.32%
STT, 53.51%, 51.7%, 60.32%, 62.12%
STX, 52.51%, 48.5%, 62.53%, 69.54%
STZ, 54.91%, 54.91%, 62.12%, 60.52%
SWK, 56.11%, 52.91%, 61.92%, 60.92%
SWKS, 53.51%, 57.72%, 71.34%, 62.73%
SYK, 52.3%, 51.7%, 61.72%, 61.52%
SYMC, 55.31%, 49.9%, 64.33%, 58.92%
SYY, 54.11%, 55.91%, 59.92%, 60.52%
T, 59.52%, 59.92%, 65.93%, 61.72%
TAP, 56.11%, 54.11%, 66.93%, 65.53%
TDG, 52.51%, 56.51%, 65.13%, 61.72%
TEL, 52.71%, 56.31%, 63.33%, 63.33%
TGT, 59.12%, 59.32%, 66.93%, 66.73%
TIF, 51.1%, 48.9%, 67.94%, 69.94%
TJX, 53.51%, 54.31%, 68.14%, 65.33%
TMK, 53.31%, 54.11%, 58.32%, 66.13%
TMO, 56.31%, 56.31%, 64.13%, 65.93%
TPR, 56.31%, 57.52%, 65.33%, 61.12%
TRIP, 54.71%, 58.92%, 62.53%, 66.93%
TROW, 55.11%, 55.51%, 62.93%, 60.52%
TRV, 51.7%, 51.7%, 54.11%, 60.92%
TSCO, 53.71%, 52.3%, 62.32%, 66.93%
TSN, 53.71%, 59.92%, 64.53%, 67.33%
TSS, 55.91%, 54.31%, 65.93%, 52.1%
TXN, 54.51%, 52.71%, 63.73%, 61.92%
TXT, 54.31%, 57.72%, 65.93%, 69.14%
UAA, 49.9%, 57.72%, 58.12%, 52.91%
UAL, 55.31%, 57.92%, 69.74%, 70.74%
UDR, 57.52%, 56.11%, 73.35%, 69.74%
UHS, 54.51%, 61.92%, 73.55%, 65.13%
ULTA, 53.11%, 52.71%, 61.52%, 64.53%
UNH, 56.51%, 53.51%, 60.92%, 61.52%
UNM, 57.72%, 58.92%, 62.12%, 55.91%
UNP, 53.31%, 50.7%, 64.13%, 63.33%
UPS, 51.1%, 56.51%, 64.53%, 62.32%
URI, 50.1%, 53.31%, 69.74%, 57.72%
USB, 52.1%, 51.5%, 66.73%, 62.73%
UTX, 55.71%, 52.71%, 60.92%, 61.12%
V, 49.9%, 48.9%, 58.92%, 58.12%
VAR, 52.1%, 53.71%, 57.92%, 65.53%
VFC, 53.31%, 59.12%, 58.92%, 63.93%
VIAB, 52.3%, 51.3%, 60.12%, 67.94%
VLO, 53.71%, 54.11%, 67.33%, 62.12%
VMC, 56.91%, 56.91%, 69.54%, 64.93%
VNO, 56.31%, 55.71%, 71.74%, 72.14%
VRSK, 50.1%, 53.71%, 64.93%, 59.92%
VRSN, 51.9%, 57.31%, 61.92%, 61.12%
VRTX, 56.11%, 57.72%, 66.53%, 69.54%
VTR, 49.1%, 53.11%, 67.74%, 62.73%
VZ, 57.92%, 59.52%, 69.74%, 63.93%
WAT, 48.9%, 53.51%, 64.13%, 61.72%
WBA, 56.71%, 57.11%, 67.94%, 66.33%
WDC, 53.71%, 54.91%, 67.94%, 60.92%
WEC, 55.31%, 54.11%, 61.52%, 68.54%
WFC, 51.1%, 51.1%, 60.92%, 63.13%
WHR, 54.11%, 58.92%, 68.34%, 71.94%
WLTW, 53.91%, 53.71%, 66.33%, 67.33%
WM, 53.51%, 56.11%, 55.31%, 58.72%
WMB, 50.7%, 57.31%, 62.53%, 59.32%
WMT, 51.5%, 51.7%, 57.92%, 58.72%
WU, 57.52%, 58.12%, 72.75%, 67.54%
WY, 57.52%, 51.7%, 68.94%, 60.72%
WYNN, 56.91%, 53.51%, 61.32%, 58.32%
XEC, 57.72%, 55.51%, 72.75%, 70.54%
XEL, 54.91%, 54.11%, 64.53%, 69.14%
XL, 57.11%, 55.51%, 64.93%, 63.13%
XLNX, 55.11%, 54.31%, 60.72%, 61.12%
XOM, 57.92%, 59.92%, 58.12%, 64.33%
XRAY, 58.12%, 55.91%, 69.74%, 67.74%
XRX, 59.12%, 56.31%, 72.95%, 73.75%
XYL, 52.51%, 55.31%, 61.92%, 59.72%
YUM, 53.91%, 52.91%, 62.32%, 62.73%
ZBH, 53.71%, 58.32%, 70.94%, 69.94%
ZION, 50.5%, 49.1%, 65.33%, 64.33%
ZTS, 50.3%, 49.9%, 63.33%, 61.12%
^BSESN, 55.11%, 60.52%, 64.93%, 65.73%
^DJI, 57.52%, 58.72%, 69.74%, 68.54%
^FTSE, 63.33%, 61.72%, 78.76%, 78.16%
^GSPC, 62.32%, 60.52%, 64.93%, 66.53%
^HSI, 52.3%, 56.51%, 56.11%, 59.32%
^IXIC, 50.1%, 57.72%, 59.72%, 61.92%
^N225, 50.5%, 51.5%, 57.52%, 57.92%
